{"epoch":5,"train_loss":0.12599160120636224,"train_acc":0.96975,"val_acc":0.876,"_timestamp":1.7546295610400481e+09,"_wandb":{"runtime":240},"_runtime":239.3690172,"lr":0.0001,"_step":4,"val_loss":0.27447835072165444}