{"val_acc":0.887,"train_acc":0.9715,"lr":0.0001,"_runtime":349.7427134,"epoch":5,"val_loss":0.26306801522150636,"_timestamp":1.751166921610723e+09,"_wandb":{"runtime":350},"_step":4,"train_loss":0.11951116755604745}