{
  "experiment_config": {
    "optimizer_name": "adam",
    "augment_prob": 1.0,
    "dropout": 0.2,
    "max_len": 128,
    "batch_size": 16,
    "epochs": 5,
    "learning_rate": 0.0001,
    "num_classes": 2,
    "model_name": "sedang",
    "name": "experiment",
    "num_folds": 5
  },
  "overall_best": {
    "fold": 1,
    "epoch": 5,
    "train_loss": 0.13068755063414575,
    "train_acc": 0.96475,
    "val_loss": 0.260601523731436,
    "val_acc": 0.891,
    "val_precision": 0.9235364396654719,
    "val_recall": 0.9449877750611247,
    "val_f1": 0.9341389728096676,
    "confusion_matrix": [
      [
        118,
        64
      ],
      [
        45,
        773
      ]
    ]
  },
  "average_metrics": {
    "avg_val_acc": 0.882,
    "std_val_acc": 0.007014271166700079,
    "avg_val_precision": 0.9104514522478876,
    "std_val_precision": 0.011428712474672715,
    "avg_val_recall": 0.9493402722704868,
    "std_val_recall": 0.01733410708998531,
    "avg_val_f1": 0.9292848331246585,
    "std_val_f1": 0.004766609587952655
  },
  "all_fold_results": [
    {
      "fold": 0,
      "epoch": 3,
      "train_loss": 0.1975115432664752,
      "train_acc": 0.93575,
      "val_loss": 0.2728939975892741,
      "val_acc": 0.88,
      "val_precision": 0.9038238702201622,
      "val_recall": 0.9547123623011016,
      "val_f1": 0.9285714285714286,
      "confusion_matrix": [
        [
          100,
          83
        ],
        [
          37,
          780
        ]
      ]
    },
    {
      "fold": 1,
      "epoch": 5,
      "train_loss": 0.13068755063414575,
      "train_acc": 0.96475,
      "val_loss": 0.260601523731436,
      "val_acc": 0.891,
      "val_precision": 0.9235364396654719,
      "val_recall": 0.9449877750611247,
      "val_f1": 0.9341389728096676,
      "confusion_matrix": [
        [
          118,
          64
        ],
        [
          45,
          773
        ]
      ]
    },
    {
      "fold": 2,
      "epoch": 5,
      "train_loss": 0.13249891070276498,
      "train_acc": 0.9665,
      "val_loss": 0.26680701072253876,
      "val_acc": 0.888,
      "val_precision": 0.9065743944636678,
      "val_recall": 0.9620563035495716,
      "val_f1": 0.9334916864608076,
      "confusion_matrix": [
        [
          102,
          81
        ],
        [
          31,
          786
        ]
      ]
    },
    {
      "fold": 3,
      "epoch": 5,
      "train_loss": 0.13048728155344724,
      "train_acc": 0.966,
      "val_loss": 0.30127706851751085,
      "val_acc": 0.88,
      "val_precision": 0.8946772366930917,
      "val_recall": 0.966952264381885,
      "val_f1": 0.9294117647058824,
      "confusion_matrix": [
        [
          90,
          93
        ],
        [
          27,
          790
        ]
      ]
    },
    {
      "fold": 4,
      "epoch": 5,
      "train_loss": 0.12490773228555918,
      "train_acc": 0.97075,
      "val_loss": 0.31809570433364975,
      "val_acc": 0.871,
      "val_precision": 0.9236453201970444,
      "val_recall": 0.9179926560587516,
      "val_f1": 0.9208103130755064,
      "confusion_matrix": [
        [
          121,
          62
        ],
        [
          67,
          750
        ]
      ]
    }
  ],
  "fold_histories": [
    {
      "fold_0": [
        {
          "epoch": 1,
          "train_loss": 0.37343542283773423,
          "train_acc": 0.831,
          "val_loss": 0.3030768433024013,
          "val_acc": 0.871,
          "val_precision": 0.8909090909090909,
          "val_recall": 0.9596083231334149,
          "val_f1": 0.9239835002946376,
          "confusion_matrix": [
            [
              87,
              96
            ],
            [
              33,
              784
            ]
          ]
        },
        {
          "epoch": 2,
          "train_loss": 0.26216358779370785,
          "train_acc": 0.8975,
          "val_loss": 0.2831090252905611,
          "val_acc": 0.878,
          "val_precision": 0.887402452619844,
          "val_recall": 0.9742962056303549,
          "val_f1": 0.9288214702450408,
          "confusion_matrix": [
            [
              82,
              101
            ],
            [
              21,
              796
            ]
          ]
        },
        {
          "epoch": 3,
          "train_loss": 0.1975115432664752,
          "train_acc": 0.93575,
          "val_loss": 0.2728939975892741,
          "val_acc": 0.88,
          "val_precision": 0.9038238702201622,
          "val_recall": 0.9547123623011016,
          "val_f1": 0.9285714285714286,
          "confusion_matrix": [
            [
              100,
              83
            ],
            [
              37,
              780
            ]
          ]
        },
        {
          "epoch": 4,
          "train_loss": 0.15692624629288912,
          "train_acc": 0.9575,
          "val_loss": 0.2667723774082131,
          "val_acc": 0.872,
          "val_precision": 0.9135654261704682,
          "val_recall": 0.9314565483476133,
          "val_f1": 0.9224242424242424,
          "confusion_matrix": [
            [
              111,
              72
            ],
            [
              56,
              761
            ]
          ]
        },
        {
          "epoch": 5,
          "train_loss": 0.1278663312867284,
          "train_acc": 0.9685,
          "val_loss": 0.27572116915077444,
          "val_acc": 0.877,
          "val_precision": 0.8988505747126436,
          "val_recall": 0.9571603427172583,
          "val_f1": 0.9270895080023711,
          "confusion_matrix": [
            [
              95,
              88
            ],
            [
              35,
              782
            ]
          ]
        }
      ]
    },
    {
      "fold_1": [
        {
          "epoch": 1,
          "train_loss": 0.36312436558306216,
          "train_acc": 0.83875,
          "val_loss": 0.29465904145959826,
          "val_acc": 0.878,
          "val_precision": 0.9037122969837587,
          "val_recall": 0.9523227383863081,
          "val_f1": 0.9273809523809524,
          "confusion_matrix": [
            [
              99,
              83
            ],
            [
              39,
              779
            ]
          ]
        },
        {
          "epoch": 2,
          "train_loss": 0.25532605363428595,
          "train_acc": 0.90225,
          "val_loss": 0.27497165460908224,
          "val_acc": 0.878,
          "val_precision": 0.9113475177304965,
          "val_recall": 0.9425427872860636,
          "val_f1": 0.9266826923076923,
          "confusion_matrix": [
            [
              107,
              75
            ],
            [
              47,
              771
            ]
          ]
        },
        {
          "epoch": 3,
          "train_loss": 0.1986731366068125,
          "train_acc": 0.9445,
          "val_loss": 0.27185703683940193,
          "val_acc": 0.879,
          "val_precision": 0.8964732650739476,
          "val_recall": 0.9633251833740831,
          "val_f1": 0.928697701826753,
          "confusion_matrix": [
            [
              91,
              91
            ],
            [
              30,
              788
            ]
          ]
        },
        {
          "epoch": 4,
          "train_loss": 0.15794183604419232,
          "train_acc": 0.9595,
          "val_loss": 0.2621398964926364,
          "val_acc": 0.889,
          "val_precision": 0.9233532934131736,
          "val_recall": 0.9425427872860636,
          "val_f1": 0.9328493647912885,
          "confusion_matrix": [
            [
              118,
              64
            ],
            [
              47,
              771
            ]
          ]
        },
        {
          "epoch": 5,
          "train_loss": 0.13068755063414575,
          "train_acc": 0.96475,
          "val_loss": 0.260601523731436,
          "val_acc": 0.891,
          "val_precision": 0.9235364396654719,