{"_runtime":329.8813663,"train_acc":0.95575,"_step":4,"val_loss":0.28307969425804913,"lr":0.0001,"_timestamp":1.7511219880774271e+09,"epoch":5,"_wandb":{"runtime":332},"val_acc":0.875,"train_loss":0.16068205496668816}