{"_runtime":227.0352634,"_step":4,"train_acc":0.84125,"epoch":5,"_wandb":{"runtime":229},"_timestamp":1.7494688412403607e+09,"train_loss":0.5361932088136673,"lr":0.0001,"val_acc":0.893,"val_loss":0.4338989513926208}