{"val_acc":0.875,"val_loss":0.26999730442184955,"_timestamp":1.7511206825217543e+09,"_step":4,"_runtime":311.8937371,"train_acc":0.9575,"train_loss":0.1593919133543968,"lr":0.0001,"_wandb":{"runtime":312},"epoch":5}