{"train_loss":0.12104775741696358,"lr":0.0001,"train_acc":0.97175,"_runtime":279.9505388,"epoch":5,"_step":4,"val_acc":0.871,"_timestamp":1.751168088660316e+09,"val_loss":0.2871904717758298,"_wandb":{"runtime":280}}