{"val_acc":0.893,"train_loss":0.5361932088136673,"_timestamp":1.750493811185028e+09,"lr":0.0001,"train_acc":0.84125,"_wandb":{"runtime":369},"_step":4,"epoch":5,"_runtime":366.6356774,"val_loss":0.4338989513926208}