{"_runtime":256.8132582,"train_loss":0.12414240044355393,"train_acc":0.97225,"val_acc":0.885,"lr":0.0001,"_timestamp":1.751273916224788e+09,"_step":4,"epoch":5,"val_loss":0.2760075172409415,"_wandb":{"runtime":257}}