{"_timestamp":1.751168415330972e+09,"epoch":5,"lr":0.0001,"val_loss":0.30360013945028186,"_runtime":296.9591552,"train_loss":0.11347195824980735,"train_acc":0.974,"_step":4,"_wandb":{"runtime":297},"val_acc":0.864}