{"confusion_matrix":{"path":"media/images/confusion_matrix_8_9123c82cd45b6844149c.png","format":"png","width":800,"height":600,"_type":"image-file","sha256":"9123c82cd45b6844149c15a2fa4691e0372daed26e3702874a14868321fc16b6","size":39048},"train_loss":0.10402077553421259,"best_confusion_matrix":{"width":800,"height":600,"_type":"image-file","sha256":"71561f6b556696efe66890ef81a9d1889f64935c3ff7e4fb9174d30191ee353a","size":41413,"path":"media/images/best_confusion_matrix_7_71561f6b556696efe668.png","format":"png"},"_timestamp":1.7546433802281454e+09,"val_loss":0.2787742014708264,"val_acc":0.889,"lr":0.0001,"_wandb":{"runtime":357},"train_acc":0.9745,"val_recall":0.9571603427172583,"epoch":5,"_runtime":357.0104962,"val_precision":0.9114219114219114,"val_f1":0.9337313432835821,"_step":8}