{"train_acc":0.901,"lr":0.0001,"train_loss":0.25326389533281324,"_runtime":90.1462669,"_timestamp":1.7512727529348383e+09,"epoch":5,"val_acc":0.865,"val_loss":0.3179739098995924,"_wandb":{"runtime":91},"_step":4}