{"best_confusion_matrix":{"format":"png","width":800,"height":600,"_type":"image-file","sha256":"6a0b980e33ddda77810818f9437bfd9cb6456395482e46de2c13ce94b179a114","size":41085,"path":"media/images/best_confusion_matrix_5_6a0b980e33ddda778108.png"},"val_acc":0.875,"_step":7,"confusion_matrix":{"sha256":"18d0cb352dab2f9c21e808692e1c808d7b9f444f2c2822cb4ac506ced56d63e7","size":39091,"path":"media/images/confusion_matrix_7_18d0cb352dab2f9c21e8.png","format":"png","width":800,"height":600,"_type":"image-file"},"val_f1":0.9245624622812312,"_runtime":114.2037397,"val_recall":0.9375764993880049,"val_loss":0.2890741699744785,"train_acc":0.928,"_wandb":{"runtime":114},"val_precision":0.9119047619047619,"_timestamp":1.7546341391732388e+09,"epoch":5,"lr":0.0001,"train_loss":0.2205952609628439}