{"val_recall":0.9436964504283966,"val_loss":0.2638058103325348,"train_loss":0.13008381270617247,"train_acc":0.96425,"_runtime":217.2377679,"val_f1":0.9311594202898551,"best_confusion_matrix":{"sha256":"29ae9413804054de48787f7b94046963adeabc712ec257df087041061883f0db","size":41406,"path":"media/images/best_confusion_matrix_8_29ae9413804054de4878.png","format":"png","width":800,"height":600,"_type":"image-file"},"_step":8,"epoch":5,"val_acc":0.886,"lr":0.0001,"val_precision":0.9189511323003575,"confusion_matrix":{"sha256":"c55f90431f51aec8153c6b6b9bcb8e4e4581a9c1e71e2f7117ed01268400cd5a","size":39573,"path":"media/images/confusion_matrix_7_c55f90431f51aec8153c.png","format":"png","width":800,"height":600,"_type":"image-file"},"_wandb":{"runtime":217},"_timestamp":1.7546441360892794e+09}