{"val_loss":0.31184890074655414,"epoch":5,"train_loss":0.26074812483787535,"_step":4,"lr":0.0001,"_runtime":140.1674851,"_timestamp":1.7511236634173381e+09,"val_acc":0.869,"train_acc":0.89925,"_wandb":{"runtime":141}}