{"_step":4,"train_loss":0.161646161288023,"_timestamp":1.7511720335135233e+09,"val_acc":0.886,"val_loss":0.26105542795266956,"_runtime":190.6674704,"_wandb":{"runtime":191},"train_acc":0.95425,"lr":0.0001,"epoch":5}