{"val_loss":0.26105542795266956,"train_loss":0.161646161288023,"_runtime":386.131548,"val_acc":0.886,"train_acc":0.95425,"epoch":5,"_timestamp":1.7512041487462003e+09,"_step":4,"_wandb":{"runtime":388},"lr":0.0001}