{"_wandb":{"runtime":111},"train_loss":0.2597134158611298,"lr":0.0001,"val_acc":0.863,"_step":4,"train_acc":0.90775,"_runtime":110.4980039,"epoch":5,"val_loss":0.30926212295889854,"_timestamp":1.751272312282734e+09}