{
  "experiment_config": {
    "optimizer_name": "adam",
    "augment_prob": 1.0,
    "dropout": 0.2,
    "max_len": 128,
    "batch_size": 16,
    "epochs": 5,
    "learning_rate": 0.0001,
    "num_classes": 2,
    "model_name": "ringan",
    "name": "experiment",
    "num_folds": 5
  },
  "overall_best": {
    "fold": 1,
    "epoch": 5,
    "train_loss": 0.2191192294061184,
    "train_acc": 0.92775,
    "val_loss": 0.2810427846889647,
    "val_acc": 0.874,
    "val_precision": 0.9042056074766355,
    "val_recall": 0.9462102689486552,
    "val_f1": 0.9247311827956989,
    "confusion_matrix": [
      [
        100,
        82
      ],
      [
        44,
        774
      ]
    ]
  },
  "average_metrics": {
    "avg_val_acc": 0.8682000000000001,
    "std_val_acc": 0.005035871324805673,
    "avg_val_precision": 0.8934471895983236,
    "std_val_precision": 0.009471430096090996,
    "avg_val_recall": 0.952522347547381,
    "std_val_recall": 0.008659121325988702,
    "avg_val_f1": 0.9219566889433886,
    "std_val_f1": 0.00260918366653976
  },
  "all_fold_results": [
    {
      "fold": 0,
      "epoch": 5,
      "train_loss": 0.22540356953442098,
      "train_acc": 0.924,
      "val_loss": 0.29219231849151944,
      "val_acc": 0.868,
      "val_precision": 0.8818283166109253,
      "val_recall": 0.9681762545899633,
      "val_f1": 0.9229871645274212,
      "confusion_matrix": [
        [
          77,
          106
        ],
        [
          26,
          791
        ]
      ]
    },
    {
      "fold": 1,
      "epoch": 5,
      "train_loss": 0.2191192294061184,
      "train_acc": 0.92775,
      "val_loss": 0.2810427846889647,
      "val_acc": 0.874,
      "val_precision": 0.9042056074766355,
      "val_recall": 0.9462102689486552,
      "val_f1": 0.9247311827956989,
      "confusion_matrix": [
        [
          100,
          82
        ],
        [
          44,
          774
        ]
      ]
    },
    {
      "fold": 2,
      "epoch": 5,
      "train_loss": 0.2235018520951271,
      "train_acc": 0.9235,
      "val_loss": 0.29934959503866376,
      "val_acc": 0.871,
      "val_precision": 0.8981481481481481,
      "val_recall": 0.9498164014687882,
      "val_f1": 0.9232599643069601,
      "confusion_matrix": [
        [
          95,
          88
        ],
        [
          41,
          776
        ]
      ]
    },
    {
      "fold": 3,
      "epoch": 3,
      "train_loss": 0.28605130887031555,
      "train_acc": 0.88225,
      "val_loss": 0.32188859960389515,
      "val_acc": 0.869,
      "val_precision": 0.9007009345794392,
      "val_recall": 0.9436964504283966,
      "val_f1": 0.921697549312612,
      "confusion_matrix": [
        [
          98,
          85
        ],
        [
          46,
          771
        ]
      ]
    },
    {
      "fold": 4,
      "epoch": 4,
      "train_loss": 0.24846400393545628,
      "train_acc": 0.90825,
      "val_loss": 0.3136139956731645,
      "val_acc": 0.859,
      "val_precision": 0.8823529411764706,
      "val_recall": 0.9547123623011016,
      "val_f1": 0.9171075837742504,
      "confusion_matrix": [
        [
          79,
          104
        ],
        [
          37,
          780
        ]
      ]
    }
  ],
  "fold_histories": [
    {
      "fold_0": [
        {
          "epoch": 1,
          "train_loss": 0.3923702472448349,
          "train_acc": 0.82375,
          "val_loss": 0.3362610221855224,
          "val_acc": 0.835,
          "val_precision": 0.855119825708061,
          "val_recall": 0.9608323133414932,
          "val_f1": 0.9048991354466859,
          "confusion_matrix": [
            [
              50,
              133
            ],
            [
              32,
              785
            ]
          ]
        },
        {
          "epoch": 2,
          "train_loss": 0.32274249076843264,
          "train_acc": 0.86525,
          "val_loss": 0.31676120973295635,
          "val_acc": 0.862,
          "val_precision": 0.8844847112117781,
          "val_recall": 0.95593635250918,
          "val_f1": 0.9188235294117647,
          "confusion_matrix": [
            [
              81,
              102
            ],
            [
              36,
              781
            ]
          ]
        },
        {
          "epoch": 3,
          "train_loss": 0.28326534634828565,
          "train_acc": 0.8875,
          "val_loss": 0.30295767085183234,
          "val_acc": 0.856,
          "val_precision": 0.8685651697699891,
          "val_recall": 0.9706242350061199,
          "val_f1": 0.9167630057803469,
          "confusion_matrix": [
            [
              63,
              120
            ],
            [
              24,
              793
            ]
          ]
        },
        {
          "epoch": 4,
          "train_loss": 0.25516830444335936,
          "train_acc": 0.90325,
          "val_loss": 0.2990855464031772,
          "val_acc": 0.855,
          "val_precision": 0.8660130718954249,
          "val_recall": 0.9730722154222766,
          "val_f1": 0.9164265129682997,
          "confusion_matrix": [
            [
              60,
              123
            ],
            [
              22,
              795
            ]
          ]
        },
        {
          "epoch": 5,
          "train_loss": 0.22540356953442098,
          "train_acc": 0.924,
          "val_loss": 0.29219231849151944,
          "val_acc": 0.868,
          "val_precision": 0.8818283166109253,
          "val_recall": 0.9681762545899633,
          "val_f1": 0.9229871645274212,
          "confusion_matrix": [
            [
              77,
              106
            ],
            [
              26,
              791
            ]
          ]
        }
      ]
    },
    {
      "fold_1": [
        {
          "epoch": 1,
          "train_loss": 0.39020879194140434,
          "train_acc": 0.8325,
          "val_loss": 0.3424871762593587,
          "val_acc": 0.846,
          "val_precision": 0.8547008547008547,
          "val_recall": 0.9779951100244498,
          "val_f1": 0.9122006841505131,
          "confusion_matrix": [
            [
              46,
              136
            ],
            [
              18,
              800
            ]
          ]
        },
        {
          "epoch": 2,
          "train_loss": 0.3251543210148811,
          "train_acc": 0.8645,
          "val_loss": 0.3105857235098642,
          "val_acc": 0.859,
          "val_precision": 0.8816234498308907,
          "val_recall": 0.9559902200488998,
          "val_f1": 0.9173020527859238,
          "confusion_matrix": [
            [
              77,
              105
            ],
            [
              36,
              782
            ]
          ]
        },
        {
          "epoch": 3,
          "train_loss": 0.2836692264676094,
          "train_acc": 0.8855,
          "val_loss": 0.2951826670813182,
          "val_acc": 0.862,
          "val_precision": 0.8803131991051454,
          "val_recall": 0.9621026894865525,
          "val_f1": 0.919392523364486,
          "confusion_matrix": [
            [
              75,
              107
            ],
            [
              31,
              787
            ]
          ]
        },
        {
          "epoch": 4,
          "train_loss": 0.248088202804327,
          "train_acc": 0.90875,
          "val_loss": 0.2825343134620833,
          "val_acc": 0.869,
          "val_precision": 0.8934707903780069,
          "val_recall": 0.9535452322738386,
          "val_f1": 0.9225310467179184,
          "confusion_matrix": [
            [
              89,
              93
            ],
            [
              38,
              780
            ]
          ]
        },
        {
          "epoch": 5,
          "train_loss": 0.2191192294061184,
          "train_acc": 0.92775,
          "val_loss": 0.2810427846889647,
          "val_acc": 0.874,
          "val_precision": 0.9042056074766355,