{"val_acc":0.886,"_timestamp":1.751203252442283e+09,"train_acc":0.95425,"_runtime":403.8573198,"train_loss":0.161646161288023,"_step":4,"val_loss":0.26105542795266956,"_wandb":{"runtime":405},"lr":0.0001,"epoch":5}