{"fold_2/val_acc":0.871,"fold_1/confusion_matrix":{"path":"media/images/fold_1/confusion_matrix_9_fde8c833b5ceab5486cf.png","format":"png","width":800,"height":600,"_type":"image-file","sha256":"fde8c833b5ceab5486cfb5c7ca3b276a50e9a2ca2446ea8a3c0e892076e90f56","size":41299},"fold_2/val_loss":0.29934959503866376,"fold_2/val_precision":0.8981481481481481,"fold_3/confusion_matrix":{"format":"png","width":800,"height":600,"_type":"image-file","sha256":"ca44bdfbde77d35c855c85d73f3608eee9ae0e992cd18bae34d62df52c2287c2","size":42396,"path":"media/images/fold_3/confusion_matrix_19_ca44bdfbde77d35c855c.png"},"avg_val_acc":0.8682000000000001,"fold_3/val_precision":0.8932261768082663,"fold_2/val_f1":0.9232599643069601,"std_val_f1":0.00260918366653976,"fold_0/val_recall":0.9681762545899633,"fold_4/epoch":5,"fold_2/lr":0.0001,"std_val_precision":0.009471430096090996,"std_val_recall":0.008659121325988702,"fold_3/epoch":5,"avg_val_f1":0.9219566889433886,"overall_best_accuracy":0.874,"fold_4/train_loss":0.21945973420143128,"_runtime":560.6028076,"std_val_acc":0.005035871324805673,"fold_3/val_f1":0.9218009478672986,"fold_1/epoch":5,"overall_best_epoch":5,"fold_3/val_loss":0.306878172689014,"fold_1/val_f1":0.9247311827956989,"fold_2/confusion_matrix":{"width":800,"height":600,"_type":"image-file","sha256":"5d6a3c40fab1ec0a8ecbc8f567e4b6c5b88df65f3d5c160e32559122ec06433d","size":41685,"path":"media/images/fold_2/confusion_matrix_14_5d6a3c40fab1ec0a8ecb.png","format":"png"},"avg_val_recall":0.952522347547381,"fold_3/train_loss":0.22740133227407933,"fold_4/val_precision":0.8860759493670886,"fold_1/val_loss":0.2810427846889647,"fold_0/confusion_matrix":{"_type":"image-file","sha256":"2398507cb9d7cac9629bc9c28cf6718256ae1139cda583dfa57765bfb9d972da","size":42007,"path":"media/images/fold_0/confusion_matrix_4_2398507cb9d7cac9629b.png","format":"png","width":800,"height":600},"overall_best_fold":1,"fold_0/train_acc":0.924,"fold_1/lr":0.0001,"fold_3/lr":0.0001,"fold_4/val_recall":0.9424724602203183,"fold_1/val_precision":0.9042056074766355,"fold_0/train_loss":0.22540356953442098,"fold_0/epoch":5,"fold_4/lr":0.0001,"fold_2/val_recall":0.9498164014687882,"fold_4/train_acc":0.92175,"fold_4/val_loss":0.30965583333893426,"fold_1/train_loss":0.2191192294061184,"fold_2/train_loss":0.2235018520951271,"fold_2/epoch":5,"fold_1/val_recall":0.9462102689486552,"fold_3/val_recall":0.9522643818849449,"fold_4/val_f1":0.9134045077105575,"fold_0/val_acc":0.868,"fold_3/train_acc":0.91775,"fold_0/lr":0.0001,"fold_0/val_loss":0.29219231849151944,"_wandb":{"runtime":561},"fold_4/confusion_matrix":{"sha256":"b72fbb42dcf1354dd53d42f0c081834635b7ad70a7cef2db81c0956a56a66478","size":41543,"path":"media/images/fold_4/confusion_matrix_24_b72fbb42dcf1354dd53d.png","format":"png","width":800,"height":600,"_type":"image-file"},"fold_0/val_f1":0.9229871645274212,"fold_0/val_precision":0.8818283166109253,"fold_2/train_acc":0.9235,"fold_1/val_acc":0.874,"fold_1/train_acc":0.92775,"_timestamp":1.754640533318423e+09,"avg_val_precision":0.8934471895983236,"fold_4/val_acc":0.854,"_step":25,"fold_3/val_acc":0.868}