{"_step":8,"confusion_matrix":{"width":800,"height":600,"_type":"image-file","sha256":"9123c82cd45b6844149c15a2fa4691e0372daed26e3702874a14868321fc16b6","size":39048,"path":"media/images/confusion_matrix_8_9123c82cd45b6844149c.png","format":"png"},"epoch":5,"_wandb":{"runtime":329},"lr":0.0001,"_runtime":329.8092826,"best_confusion_matrix":{"height":600,"_type":"image-file","sha256":"71561f6b556696efe66890ef81a9d1889f64935c3ff7e4fb9174d30191ee353a","size":41413,"path":"media/images/best_confusion_matrix_7_71561f6b556696efe668.png","format":"png","width":800},"val_precision":0.9114219114219114,"train_acc":0.9745,"train_loss":0.10402077553421259,"val_loss":0.2787742014708264,"_timestamp":1.754643779542367e+09,"val_recall":0.9571603427172583,"val_acc":0.889,"val_f1":0.9337313432835821}