{"overall_best_fold":1,"avg_val_precision":0.9104514522478876,"fold_0/val_recall":0.9571603427172583,"fold_1/val_f1":0.9341389728096676,"fold_4/epoch":5,"_runtime":1045.6112175,"fold_0/epoch":5,"fold_2/val_recall":0.9620563035495716,"fold_1/val_loss":0.260601523731436,"overall_best_epoch":5,"fold_4/val_loss":0.31809570433364975,"fold_2/train_loss":0.13249891070276498,"fold_4/train_acc":0.97075,"avg_val_acc":0.882,"fold_3/train_loss":0.13048728155344724,"fold_1/val_recall":0.9449877750611247,"fold_4/val_acc":0.871,"std_val_recall":0.01733410708998531,"std_val_precision":0.011428712474672715,"_timestamp":1.7546424396485224e+09,"fold_1/val_acc":0.891,"fold_0/val_loss":0.27572116915077444,"fold_0/lr":0.0001,"avg_val_f1":0.9292848331246585,"fold_3/epoch":5,"fold_0/confusion_matrix":{"_type":"image-file","sha256":"7d959d138499c70964262fa0d483d6843d6ed6d8b735ef9bbcd1794e7060a5fd","size":42886,"path":"media/images/fold_0/confusion_matrix_4_7d959d138499c7096426.png","format":"png","width":800,"height":600},"fold_3/val_precision":0.8946772366930917,"fold_3/val_f1":0.9294117647058824,"overall_best_accuracy":0.891,"fold_2/lr":0.0001,"_wandb":{"runtime":1046},"fold_4/val_f1":0.9208103130755064,"fold_2/val_loss":0.26680701072253876,"fold_1/confusion_matrix":{"path":"media/images/fold_1/confusion_matrix_9_d7026b72dabf67333a21.png","format":"png","width":800,"height":600,"_type":"image-file","sha256":"d7026b72dabf67333a21c7ad1be3a7064588dc064d76ec369eae81500eaf6f3f","size":41834},"fold_0/val_precision":0.8988505747126436,"fold_0/train_acc":0.9685,"fold_3/lr":0.0001,"std_val_f1":0.004766609587952655,"fold_4/confusion_matrix":{"format":"png","width":800,"height":600,"_type":"image-file","sha256":"353236ea1ede7cc4a921bd2bd6148b6742ad4606f37d586e39c9f0c487149e1a","size":42046,"path":"media/images/fold_4/confusion_matrix_24_353236ea1ede7cc4a921.png"},"fold_1/epoch":5,"fold_2/train_acc":0.9665,"fold_2/val_precision":0.9065743944636678,"std_val_acc":0.007014271166700079,"fold_1/train_loss":0.13068755063414575,"avg_val_recall":0.9493402722704868,"fold_1/val_precision":0.9235364396654719,"fold_3/confusion_matrix":{"height":600,"_type":"image-file","sha256":"84df293f447b9e4b1e483cb13e2610e888c18409cbfce11a62dbe95caaa1a4b9","size":42784,"path":"media/images/fold_3/confusion_matrix_19_84df293f447b9e4b1e48.png","format":"png","width":800},"fold_1/lr":0.0001,"fold_0/val_acc":0.877,"_step":25,"fold_0/val_f1":0.9270895080023711,"fold_4/val_recall":0.9179926560587516,"fold_3/train_acc":0.966,"fold_1/train_acc":0.96475,"fold_2/val_f1":0.9334916864608076,"fold_2/confusion_matrix":{"path":"media/images/fold_2/confusion_matrix_14_ecbd4261852cf6bffe2d.png","format":"png","width":800,"height":600,"_type":"image-file","sha256":"ecbd4261852cf6bffe2d1be8b10fefc04d405ea64381571fc7361c588ed7a4f0","size":42586},"fold_3/val_loss":0.30127706851751085,"fold_2/val_acc":0.888,"fold_4/train_loss":0.12490773228555918,"fold_4/lr":0.0001,"fold_3/val_acc":0.88,"fold_2/epoch":5,"fold_4/val_precision":0.9236453201970444,"fold_3/val_recall":0.966952264381885,"fold_0/train_loss":0.1278663312867284}