{"_step":4,"val_loss":0.2890741699744785,"_wandb":{"runtime":104},"val_acc":0.875,"epoch":5,"val_recall":0.9375764993880049,"val_f1":0.9245624622812312,"train_acc":0.928,"val_precision":0.9119047619047619,"_runtime":103.5145248,"train_loss":0.2205952609628439,"lr":0.0001,"_timestamp":1.754630006582786e+09}